cat_id	pid
Image_Pool	Vector_Test
Image_Pool	Vector_Test
Image_Pool	Vector_Test
Image_Pool	Vector_Test
Image_Pool	Vector_Test
Image_Pool	Vector_Test
Image_Pool	Vector_Test
Image_Pool	Vector_Test
Image_Pool	Vector_Test
Image_Pool	Vector_Test
Image_Pool	Vector_Test
Image_Pool	Vector_Test
Image_Pool	Vector_Test
Image_Pool	Vector_Test
Image_Pool	Vector_Test
Image_Pool	Vector_Test
Image_Pool	Vector_Test
Image_Pool	Vector_Test
Image_Pool	Vector_Test
Image_Pool	Vector_Test
Image_Pool	Vector_Test
Image_Pool	Vector_Test
Image_Pool	Vector_Test
Image_Pool	Vector_Test
Image_Pool	Vector_Test
Image_Pool	Vector_Test
Image_Pool	Vector_Test
Image_Pool	Vector_Test
Image_Pool	Vector_Test
Image_Pool	Vector_Test
Image_Pool	Vector_Test
Image_Pool	Vector_Test
Image_Pool	Vector_Test
Image_Pool	Vector_Test
Image_Pool	Vector_Test
Image_Pool	Vector_Test
Image_Pool	Vector_Test
Image_Pool	Vector_Test
Image_Pool	Vector_Test
Image_Pool	Vector_Test
Image_Pool	Vector_Test
Image_Pool	Vector_Test
Image_Pool	Vector_Test
Image_Pool	Vector_Test
Image_Pool	Vector_Test
Image_Pool	Vector_Test
Image_Pool	Vector_Test
Image_Pool	Vector_Test
Image_Pool	Vector_Test
Image_Pool	Vector_Test
Image_Pool	Vector_Test
Image_Pool	Vector_Test
Image_Pool	Vector_Test
Image_Pool	Vector_Test
Image_Pool	Vector_Test
Image_Pool	Vector_Test
Image_Pool	Vector_Test
Image_Pool	Vector_Test
Image_Pool	Vector_Test
Image_Pool	Vector_Test
Image_Pool	Vector_Test
Image_Pool	Vector_Test
Image_Pool	Vector_Test
Image_Pool	Vector_Test
Image_Pool	Vector_Test
Image_Pool	Vector_Test
Image_Pool	Vector_Test
Image_Pool	Vector_Test
Image_Pool	Vector_Test
Image_Pool	Vector_Test
Image_Pool	Vector_Test
Image_Pool	Vector_Test
Image_Pool	Vector_Test
Image_Pool	Vector_Test
Image_Pool	Vector_Test
Image_Pool	Vector_Test
Image_Pool	Vector_Test
Image_Pool	Vector_Test
Image_Pool	Vector_Test
Image_Pool	Vector_Test
Image_Pool	Vector_Test
Image_Pool	Vector_Test
Image_Pool	Vector_Test
Image_Pool	Vector_Test
Image_Pool	Vector_Test
Image_Pool	Vector_Test
Image_Pool	Vector_Test
Image_Pool	Vector_Test
Image_Pool	Vector_Test
Image_Pool	Vector_Test
Image_Pool	Vector_Test
Image_Pool	Vector_Test
Image_Pool	Vector_Test
Image_Pool	Vector_Test
Image_Pool	Vector_Test
Image_Pool	Vector_Test
Image_Pool	Vector_Test
Image_Pool	Vector_Test
Image_Pool	Vector_Test
Image_Pool	Vector_Test
Image_Pool	Vector_Test
Image_Pool	Vector_Test
Image_Pool	Vector_Test
Image_Pool	Vector_Test
Image_Pool	Vector_Test
Image_Pool	Vector_Test
Image_Pool	Vector_Test
Image_Pool	Vector_Test
Image_Pool	Vector_Test
Image_Pool	Vector_Test
Image_Pool	Vector_Test
Image_Pool	Vector_Test
Image_Pool	Vector_Test
Image_Pool	Vector_Test
Image_Pool	Vector_Test
Image_Pool	Vector_Test
Image_Pool	Vector_Test
Image_Pool	Vector_Test
Image_Pool	Vector_Test
Image_Pool	Vector_Test
Image_Pool	Vector_Test
Image_Pool	Vector_Test
Image_Pool	Vector_Test
Image_Pool	Vector_Test
Image_Pool	Vector_Test
Image_Pool	Vector_Test
Image_Pool	Vector_Test
Image_Pool	Vector_Test
Image_Pool	Vector_Test
Image_Pool	Vector_Test
Image_Pool	Vector_Test
Image_Pool	Vector_Test
Image_Pool	Vector_Test
Image_Pool	Vector_Test
Image_Pool	Vector_Test
Image_Pool	Vector_Test
Image_Pool	Vector_Test
Image_Pool	Vector_Test
Image_Pool	Vector_Test
Image_Pool	Vector_Test
Image_Pool	Vector_Test
Image_Pool	Vector_Test
Image_Pool	Vector_Test
Image_Pool	Vector_Test
Image_Pool	Vector_Test
Image_Pool	Vector_Test
Image_Pool	Vector_Test
Image_Pool	Vector_Test
Image_Pool	Vector_Test
Image_Pool	Vector_Test
Image_Pool	Vector_Test
Image_Pool	Vector_Test
Image_Pool	Vector_Test
Image_Pool	Vector_Test
Image_Pool	Vector_Test
Image_Pool	Vector_Test
Image_Pool	Vector_Test
Image_Pool	Vector_Test
Image_Pool	Vector_Test
Image_Pool	Vector_Test
Image_Pool	Vector_Test
Image_Pool	Vector_Test
Image_Pool	Vector_Test
Image_Pool	Vector_Test
Image_Pool	Vector_Test
Image_Pool	Vector_Test
Image_Pool	Vector_Test
Image_Pool	Vector_Test
Image_Pool	Vector_Test
Image_Pool	Vector_Test
Image_Pool	Vector_Test
Image_Pool	Vector_Test
Image_Pool	Vector_Test
Image_Pool	Vector_Test
Image_Pool	Vector_Test
Image_Pool	Vector_Test
Image_Pool	Vector_Test
Image_Pool	Vector_Test
Image_Pool	Vector_Test
Image_Pool	Vector_Test
Image_Pool	Vector_Test
Image_Pool	Vector_Test
Image_Pool	Vector_Test
Image_Pool	Vector_Test
Image_Pool	Vector_Test
Image_Pool	Vector_Test
Image_Pool	Vector_Test
Image_Pool	Vector_Test
Image_Pool	Vector_Test
Image_Pool	Vector_Test
Image_Pool	Vector_Test
Image_Pool	Vector_Test
Image_Pool	Vector_Test
Image_Pool	Vector_Test
Image_Pool	Vector_Test
Image_Pool	Vector_Test
Image_Pool	Vector_Test
Image_Pool	Vector_Test
Image_Pool	Vector_Test
Image_Pool	Vector_Test
Image_Pool	Vector_Test
Image_Pool	Vector_Test
Image_Pool	Vector_Test
Image_Pool	Vector_Test
Image_Pool	Vector_Test
Image_Pool	Vector_Test
Image_Pool	Vector_Test
Image_Pool	Vector_Test
Image_Pool	Vector_Test
Image_Pool	Vector_Test
Image_Pool	Vector_Test
Image_Pool	Vector_Test
Image_Pool	Vector_Test
Image_Pool	Vector_Test
Image_Pool	Vector_Test
Image_Pool	Vector_Test
Image_Pool	Vector_Test
Image_Pool	Vector_Test
Image_Pool	Vector_Test
Image_Pool	Vector_Test
Image_Pool	Vector_Test
Image_Pool	Vector_Test
Image_Pool	Vector_Test
Image_Pool	Vector_Test
Image_Pool	Vector_Test
Image_Pool	Vector_Test
Image_Pool	Vector_Test
Image_Pool	Vector_Test
Image_Pool	Vector_Test
Image_Pool	Vector_Test
Image_Pool	Vector_Test
Image_Pool	Vector_Test
Image_Pool	Vector_Test
Image_Pool	Vector_Test
Image_Pool	Vector_Test
Image_Pool	Vector_Test
Image_Pool	Vector_Test
Image_Pool	Vector_Test
Image_Pool	Vector_Test
Image_Pool	Vector_Test
Image_Pool	Vector_Test
Image_Pool	Vector_Test
Image_Pool	Vector_Test
Image_Pool	Vector_Test
Image_Pool	Vector_Test
Image_Pool	Vector_Test
Image_Pool	Vector_Test
Image_Pool	Vector_Test
Image_Pool	Vector_Test
Image_Pool	Vector_Test
Image_Pool	Vector_Test
Image_Pool	Vector_Test
Image_Pool	Vector_Test
Image_Pool	Vector_Test
Image_Pool	Vector_Test
Image_Pool	Vector_Test
Image_Pool	Vector_Test
Image_Pool	Vector_Test
Image_Pool	Vector_Test
Image_Pool	Vector_Test
Image_Pool	Vector_Test
Image_Pool	Vector_Test
Image_Pool	Vector_Test
Image_Pool	Vector_Test
Image_Pool	Vector_Test
Image_Pool	Vector_Test
Image_Pool	Vector_Test
Image_Pool	Vector_Test
Image_Pool	Vector_Test
Image_Pool	Vector_Test
Image_Pool	Vector_Test
Image_Pool	Vector_Test
Image_Pool	Vector_Test
Image_Pool	Vector_Test
Image_Pool	Vector_Test
Image_Pool	Vector_Test
Image_Pool	Vector_Test
Image_Pool	Vector_Test
Image_Pool	Vector_Test
Image_Pool	Vector_Test
Image_Pool	Vector_Test
Image_Pool	Vector_Test
Image_Pool	Vector_Test
Image_Pool	Vector_Test
Image_Pool	Vector_Test
Image_Pool	Vector_Test
Image_Pool	Vector_Test
Image_Pool	Vector_Test
Image_Pool	Vector_Test
Image_Pool	Vector_Test
Image_Pool	Vector_Test
Image_Pool	Vector_Test
Image_Pool	Vector_Test
Image_Pool	Vector_Test
Image_Pool	Vector_Test
Image_Pool	Vector_Test
Image_Pool	Vector_Test
Image_Pool	Vector_Test
Image_Pool	Vector_Test
Image_Pool	Vector_Test
Image_Pool	Vector_Test
Image_Pool	Vector_Test
Image_Pool	Vector_Test
Image_Pool	Vector_Test
Image_Pool	Vector_Test
Image_Pool	Vector_Test
Image_Pool	Vector_Test
Image_Pool	Vector_Test
Image_Pool	Vector_Test
Image_Pool	Vector_Test
Image_Pool	Vector_Test
Image_Pool	Vector_Test
Image_Pool	Vector_Test
Image_Pool	Vector_Test
Image_Pool	Vector_Test
Image_Pool	Vector_Test
Image_Pool	Vector_Test
Image_Pool	Vector_Test
Image_Pool	Vector_Test
Image_Pool	Vector_Test
Image_Pool	Vector_Test
Image_Pool	Vector_Test
Image_Pool	Vector_Test
Image_Pool	Vector_Test
Image_Pool	Vector_Test
Image_Pool	Vector_Test
Image_Pool	Vector_Test
Image_Pool	Vector_Test
Image_Pool	Vector_Test
Image_Pool	Vector_Test
Image_Pool	Vector_Test
Image_Pool	Vector_Test
Image_Pool	Vector_Test
Image_Pool	Vector_Test
Image_Pool	Vector_Test
Image_Pool	Vector_Test
Image_Pool	Vector_Test
Image_Pool	Vector_Test
Image_Pool	Vector_Test
Image_Pool	Vector_Test
Image_Pool	Vector_Test
Image_Pool	Vector_Test
Image_Pool	Vector_Test
Image_Pool	Vector_Test
Image_Pool	Vector_Test
Image_Pool	Vector_Test
Image_Pool	Vector_Test
Image_Pool	Vector_Test
Image_Pool	Vector_Test
Image_Pool	Vector_Test
Image_Pool	Vector_Test
Image_Pool	Vector_Test
Image_Pool	Vector_Test
Image_Pool	Vector_Test
Image_Pool	Vector_Test
Image_Pool	Vector_Test
Image_Pool	Vector_Test
Image_Pool	Vector_Test
Image_Pool	Vector_Test
Image_Pool	Vector_Test
Image_Pool	Vector_Test
Image_Pool	Vector_Test
Image_Pool	Vector_Test
Image_Pool	Vector_Test
Image_Pool	Vector_Test
Image_Pool	Vector_Test
Image_Pool	Vector_Test
Image_Pool	Vector_Test
Image_Pool	Vector_Test
Image_Pool	Vector_Test
Image_Pool	Vector_Test
Image_Pool	Vector_Test
Image_Pool	Vector_Test
Image_Pool	Vector_Test
Image_Pool	Vector_Test
Image_Pool	Vector_Test
Image_Pool	Vector_Test
Image_Pool	Vector_Test
Image_Pool	Vector_Test
Image_Pool	Vector_Test
Image_Pool	Vector_Test
Image_Pool	Vector_Test
Image_Pool	Vector_Test
Image_Pool	Vector_Test
Image_Pool	Vector_Test
Image_Pool	Vector_Test
Image_Pool	Vector_Test
Image_Pool	Vector_Test
Image_Pool	Vector_Test
Image_Pool	Vector_Test
Image_Pool	Vector_Test
Image_Pool	Vector_Test
Image_Pool	Vector_Test
Image_Pool	Vector_Test
Image_Pool	Vector_Test
Image_Pool	Vector_Test
Image_Pool	Vector_Test
Image_Pool	Vector_Test
Image_Pool	Vector_Test
Image_Pool	Vector_Test
Image_Pool	Vector_Test
Image_Pool	Vector_Test
Image_Pool	Vector_Test
Image_Pool	Vector_Test
Image_Pool	Vector_Test
Image_Pool	Vector_Test
Image_Pool	Vector_Test
Image_Pool	Vector_Test
Image_Pool	Vector_Test
Image_Pool	Vector_Test
Image_Pool	Vector_Test
Image_Pool	Vector_Test
Image_Pool	Vector_Test
Image_Pool	Vector_Test
Image_Pool	Vector_Test
Image_Pool	Vector_Test
Image_Pool	Vector_Test
Image_Pool	Vector_Test
Image_Pool	Vector_Test
Image_Pool	Vector_Test
Image_Pool	Vector_Test
Image_Pool	Vector_Test
Image_Pool	Vector_Test
Image_Pool	Vector_Test
Image_Pool	Vector_Test
Image_Pool	Vector_Test
Image_Pool	Vector_Test
Image_Pool	Vector_Test
Image_Pool	Vector_Test
Image_Pool	Vector_Test
Image_Pool	Vector_Test
Image_Pool	Vector_Test
Image_Pool	Vector_Test
Image_Pool	Vector_Test
Image_Pool	Vector_Test
Image_Pool	Vector_Test
Image_Pool	Vector_Test
Image_Pool	Vector_Test
Image_Pool	Vector_Test
Image_Pool	Vector_Test
Image_Pool	Vector_Test
Image_Pool	Vector_Test
Image_Pool	Vector_Test
Image_Pool	Vector_Test
Image_Pool	Vector_Test
Image_Pool	Vector_Test
Image_Pool	Vector_Test
Image_Pool	Vector_Test
Image_Pool	Vector_Test
Image_Pool	Vector_Test
Image_Pool	Vector_Test
Image_Pool	Vector_Test
Image_Pool	Vector_Test
Image_Pool	Vector_Test
Image_Pool	Vector_Test
Image_Pool	Vector_Test
Image_Pool	Vector_Test
Image_Pool	Vector_Test
Image_Pool	Vector_Test
Image_Pool	Vector_Test
Image_Pool	Vector_Test
Image_Pool	Vector_Test
Image_Pool	Vector_Test
Image_Pool	Vector_Test
Image_Pool	Vector_Test
Image_Pool	Vector_Test
Image_Pool	Vector_Test
Image_Pool	Vector_Test
Image_Pool	Vector_Test
Image_Pool	Vector_Test
Image_Pool	Vector_Test
Image_Pool	Vector_Test
Image_Pool	Vector_Test
Image_Pool	Vector_Test
Image_Pool	Vector_Test
Image_Pool	Vector_Test
Image_Pool	Vector_Test
Image_Pool	Vector_Test
Image_Pool	Vector_Test
Image_Pool	Vector_Test
Image_Pool	Vector_Test
Image_Pool	Vector_Test
Image_Pool	Vector_Test
Image_Pool	Vector_Test
Image_Pool	Vector_Test
Image_Pool	Vector_Test
Image_Pool	Vector_Test
Image_Pool	Vector_Test
Image_Pool	Vector_Test
Image_Pool	Vector_Test
Image_Pool	Vector_Test
Image_Pool	Vector_Test
Image_Pool	Vector_Test
Image_Pool	Vector_Test
Image_Pool	Vector_Test
Image_Pool	Vector_Test
Image_Pool	Vector_Test
Image_Pool	Vector_Test
Image_Pool	Vector_Test
Image_Pool	Vector_Test
Image_Pool	Vector_Test
Image_Pool	Vector_Test
Image_Pool	Vector_Test
Image_Pool	Vector_Test
Image_Pool	Vector_Test
Image_Pool	Vector_Test
Image_Pool	Vector_Test
Image_Pool	Vector_Test
Image_Pool	Vector_Test
Image_Pool	Vector_Test
Image_Pool	Vector_Test
Image_Pool	Vector_Test
Image_Pool	Vector_Test
Image_Pool	Vector_Test
Image_Pool	Vector_Test
Image_Pool	Vector_Test
Image_Pool	Vector_Test
Image_Pool	Vector_Test
Image_Pool	Vector_Test
Image_Pool	Vector_Test
Image_Pool	Vector_Test
Image_Pool	Vector_Test
Image_Pool	Vector_Test
Image_Pool	Vector_Test
Image_Pool	Vector_Test
Image_Pool	Vector_Test
Image_Pool	Vector_Test
Image_Pool	Vector_Test
Image_Pool	Vector_Test
Image_Pool	Vector_Test
Image_Pool	Vector_Test
Image_Pool	Vector_Test
Image_Pool	Vector_Test
Image_Pool	Vector_Test
Image_Pool	Vector_Test
Image_Pool	Vector_Test
Image_Pool	Vector_Test
Image_Pool	Vector_Test
Image_Pool	Vector_Test
Image_Pool	Vector_Test
Image_Pool	Vector_Test
Image_Pool	Vector_Test
Image_Pool	Vector_Test
Image_Pool	Vector_Test
Image_Pool	Vector_Test
Image_Pool	Vector_Test
Image_Pool	Vector_Test
Image_Pool	Vector_Test
Image_Pool	Vector_Test
Image_Pool	Vector_Test
Image_Pool	Vector_Test
Image_Pool	Vector_Test
Image_Pool	Vector_Test
Image_Pool	Vector_Test
Image_Pool	Vector_Test
Image_Pool	Vector_Test
Image_Pool	Vector_Test
Image_Pool	Vector_Test
Image_Pool	Vector_Test
Image_Pool	Vector_Test
Image_Pool	Vector_Test
Image_Pool	Vector_Test
Image_Pool	Vector_Test
Image_Pool	Vector_Test
Image_Pool	Vector_Test
Image_Pool	Vector_Test
Image_Pool	Vector_Test
Image_Pool	Vector_Test
Image_Pool	Vector_Test
Image_Pool	Vector_Test
Image_Pool	Vector_Test
Image_Pool	Vector_Test
Image_Pool	Vector_Test
Image_Pool	Vector_Test
Image_Pool	Vector_Test
Image_Pool	Vector_Test
Image_Pool	Vector_Test
Image_Pool	Vector_Test
Image_Pool	Vector_Test
Image_Pool	Vector_Test
Image_Pool	Vector_Test
Image_Pool	Vector_Test
Image_Pool	Vector_Test
Image_Pool	Vector_Test
Image_Pool	Vector_Test
Image_Pool	Vector_Test
Image_Pool	Vector_Test
Image_Pool	Vector_Test
Image_Pool	Vector_Test
Image_Pool	Vector_Test
Image_Pool	Vector_Test
Image_Pool	Vector_Test
Image_Pool	Vector_Test
Image_Pool	Vector_Test
Image_Pool	Vector_Test
Image_Pool	Vector_Test
Image_Pool	Vector_Test
Image_Pool	Vector_Test
Image_Pool	Vector_Test
Image_Pool	Vector_Test
Image_Pool	Vector_Test
Image_Pool	Vector_Test
Image_Pool	Vector_Test
Image_Pool	Vector_Test
Image_Pool	Vector_Test
Image_Pool	Vector_Test
Image_Pool	Vector_Test
Image_Pool	Vector_Test
Image_Pool	Vector_Test
Image_Pool	Vector_Test
Image_Pool	Vector_Test
Image_Pool	Vector_Test
Image_Pool	Vector_Test
Image_Pool	Vector_Test
Image_Pool	Vector_Test
Image_Pool	Vector_Test
Image_Pool	Vector_Test
Image_Pool	Vector_Test
Image_Pool	Vector_Test
Image_Pool	Vector_Test
Image_Pool	Vector_Test
Image_Pool	Vector_Test
Image_Pool	Vector_Test
Image_Pool	Vector_Test
Image_Pool	Vector_Test
Image_Pool	Vector_Test
Image_Pool	Vector_Test
Image_Pool	Vector_Test
Image_Pool	Vector_Test
Image_Pool	Vector_Test
Image_Pool	Vector_Test
Image_Pool	Vector_Test
Image_Pool	Vector_Test
Image_Pool	Vector_Test
Image_Pool	Vector_Test
Image_Pool	Vector_Test
Image_Pool	Vector_Test
Image_Pool	Vector_Test
Image_Pool	Vector_Test
Image_Pool	Vector_Test
Image_Pool	Vector_Test
Image_Pool	Vector_Test
Image_Pool	Vector_Test
Image_Pool	Vector_Test
Image_Pool	Vector_Test
Image_Pool	Vector_Test
Image_Pool	Vector_Test
Image_Pool	Vector_Test
Image_Pool	Vector_Test
Image_Pool	Vector_Test
Image_Pool	Vector_Test
Image_Pool	Vector_Test
Image_Pool	Vector_Test
Image_Pool	Vector_Test
Image_Pool	Vector_Test
Image_Pool	Vector_Test
Image_Pool	Vector_Test
Image_Pool	Vector_Test
Image_Pool	Vector_Test
Image_Pool	Vector_Test
Image_Pool	Vector_Test
Image_Pool	Vector_Test
Image_Pool	Vector_Test
Image_Pool	Vector_Test
Image_Pool	Vector_Test
Image_Pool	Vector_Test
Image_Pool	Vector_Test
Image_Pool	Vector_Test
Image_Pool	Vector_Test
Image_Pool	Vector_Test
Image_Pool	Vector_Test
Image_Pool	Vector_Test
Image_Pool	Vector_Test
Image_Pool	Vector_Test
Image_Pool	Vector_Test
Image_Pool	Vector_Test
Image_Pool	Vector_Test
Image_Pool	Vector_Test
Image_Pool	Vector_Test
Image_Pool	Vector_Test
Image_Pool	Vector_Test
Image_Pool	Vector_Test
Image_Pool	Vector_Test
Image_Pool	Vector_Test
Image_Pool	Vector_Test
Image_Pool	Vector_Test
Image_Pool	Vector_Test
Image_Pool	Vector_Test
Image_Pool	Vector_Test
Image_Pool	Vector_Test
Image_Pool	Vector_Test
Image_Pool	Vector_Test
Image_Pool	Vector_Test
Image_Pool	Vector_Test
Image_Pool	Vector_Test
Image_Pool	Vector_Test
Image_Pool	Vector_Test
Image_Pool	Vector_Test
Image_Pool	Vector_Test
Image_Pool	Vector_Test
Image_Pool	Vector_Test
Image_Pool	Vector_Test
Image_Pool	Vector_Test
Image_Pool	Vector_Test
Image_Pool	Vector_Test
Image_Pool	Vector_Test
Image_Pool	Vector_Test
Image_Pool	Vector_Test
Image_Pool	Vector_Test
Image_Pool	Vector_Test
Image_Pool	Vector_Test
Image_Pool	Vector_Test
Image_Pool	Vector_Test
Image_Pool	Vector_Test
Image_Pool	Vector_Test
Image_Pool	Vector_Test
Image_Pool	Vector_Test
Image_Pool	Vector_Test
Image_Pool	Vector_Test
Image_Pool	Vector_Test
Image_Pool	Vector_Test
Image_Pool	Vector_Test
Image_Pool	Vector_Test
Image_Pool	Vector_Test
Image_Pool	Vector_Test
Image_Pool	Vector_Test
Image_Pool	Vector_Test
Image_Pool	Vector_Test
Image_Pool	Vector_Test
Image_Pool	Vector_Test
Image_Pool	Vector_Test
Image_Pool	Vector_Test
Image_Pool	Vector_Test
Image_Pool	Vector_Test
Image_Pool	Vector_Test
Image_Pool	Vector_Test
Image_Pool	Vector_Test
Image_Pool	Vector_Test
Image_Pool	Vector_Test
Image_Pool	Vector_Test
Image_Pool	Vector_Test
Image_Pool	Vector_Test
Image_Pool	Vector_Test
Image_Pool	Vector_Test
Image_Pool	Vector_Test
Image_Pool	Vector_Test
Image_Pool	Vector_Test
Image_Pool	Vector_Test
Image_Pool	Vector_Test
Image_Pool	Vector_Test
Image_Pool	Vector_Test
Image_Pool	Vector_Test
Image_Pool	Vector_Test
Image_Pool	Vector_Test
Image_Pool	Vector_Test
Image_Pool	Vector_Test
Image_Pool	Vector_Test
Image_Pool	Vector_Test
Image_Pool	Vector_Test
Image_Pool	Vector_Test
Image_Pool	Vector_Test
Image_Pool	Vector_Test
Image_Pool	Vector_Test
Image_Pool	Vector_Test
Image_Pool	Vector_Test
Image_Pool	Vector_Test
Image_Pool	Vector_Test
Image_Pool	Vector_Test
Image_Pool	Vector_Test
Image_Pool	Vector_Test
Image_Pool	Vector_Test
Image_Pool	Vector_Test
Image_Pool	Vector_Test
Image_Pool	Vector_Test
Image_Pool	Vector_Test
Image_Pool	Vector_Test
Image_Pool	Vector_Test
Image_Pool	Vector_Test
Image_Pool	Vector_Test
Image_Pool	Vector_Test
Image_Pool	Vector_Test
Image_Pool	Vector_Test
Image_Pool	Vector_Test
Image_Pool	Vector_Test
Image_Pool	Vector_Test
Image_Pool	Vector_Test
Image_Pool	Vector_Test
Image_Pool	Vector_Test
Image_Pool	Vector_Test
Image_Pool	Vector_Test
Image_Pool	Vector_Test
Image_Pool	Vector_Test
Image_Pool	Vector_Test
Image_Pool	Vector_Test
Image_Pool	Vector_Test
Image_Pool	Vector_Test
Image_Pool	Vector_Test
Image_Pool	Vector_Test
Image_Pool	Vector_Test
Image_Pool	Vector_Test
Image_Pool	Vector_Test
Image_Pool	Vector_Test
Image_Pool	Vector_Test
Image_Pool	Vector_Test
Image_Pool	Vector_Test
Image_Pool	Vector_Test
Image_Pool	Vector_Test
Image_Pool	Vector_Test
Image_Pool	Vector_Test
Image_Pool	Vector_Test
Image_Pool	Vector_Test
Image_Pool	Vector_Test
Image_Pool	Vector_Test
Image_Pool	Vector_Test
Image_Pool	Vector_Test
Image_Pool	Vector_Test
Image_Pool	Vector_Test
Image_Pool	Vector_Test
Image_Pool	Vector_Test
Image_Pool	Vector_Test
Image_Pool	Vector_Test
Image_Pool	Vector_Test
Image_Pool	Vector_Test
Image_Pool	Vector_Test
Image_Pool	Vector_Test
Image_Pool	Vector_Test
Image_Pool	Vector_Test
Image_Pool	Vector_Test
Image_Pool	Vector_Test
Image_Pool	Vector_Test
Image_Pool	Vector_Test
Image_Pool	Vector_Test
Image_Pool	Vector_Test
Image_Pool	Vector_Test
Image_Pool	Vector_Test
Image_Pool	Vector_Test
Image_Pool	Vector_Test
Image_Pool	Vector_Test
Image_Pool	Vector_Test
Image_Pool	Vector_Test
Image_Pool	Vector_Test
Image_Pool	Vector_Test
Image_Pool	Vector_Test
Image_Pool	Vector_Test
Image_Pool	Vector_Test
Image_Pool	Vector_Test
Image_Pool	Vector_Test
Image_Pool	Vector_Test
Image_Pool	Vector_Test
Image_Pool	Vector_Test
Image_Pool	Vector_Test
Image_Pool	Vector_Test
Image_Pool	Vector_Test
Image_Pool	Vector_Test
Image_Pool	Vector_Test
Image_Pool	Vector_Test
Image_Pool	Vector_Test
Image_Pool	Vector_Test
Image_Pool	Vector_Test
Image_Pool	Vector_Test
Image_Pool	Vector_Test
Image_Pool	Vector_Test
Image_Pool	Vector_Test
Image_Pool	Vector_Test
Image_Pool	Vector_Test
Image_Pool	Vector_Test
Image_Pool	Vector_Test
Image_Pool	Vector_Test
Image_Pool	Vector_Test
Image_Pool	Vector_Test
Image_Pool	Vector_Test
Image_Pool	Vector_Test
Image_Pool	Vector_Test
Image_Pool	Vector_Test
Image_Pool	Vector_Test
Image_Pool	Vector_Test
Image_Pool	Vector_Test
Image_Pool	Vector_Test
Image_Pool	Vector_Test
Image_Pool	Vector_Test
Image_Pool	Vector_Test
Image_Pool	Vector_Test
Image_Pool	Vector_Test
Image_Pool	Vector_Test
Image_Pool	Vector_Test
Image_Pool	Vector_Test
Image_Pool	Vector_Test
Image_Pool	Vector_Test
Image_Pool	Vector_Test
Image_Pool	Vector_Test
Image_Pool	Vector_Test
Image_Pool	Vector_Test
Image_Pool	Vector_Test
Image_Pool	Vector_Test
Image_Pool	Vector_Test
Image_Pool	Vector_Test
Image_Pool	Vector_Test
Image_Pool	Vector_Test
Image_Pool	Vector_Test
Image_Pool	Vector_Test
Image_Pool	Vector_Test
Image_Pool	Vector_Test
Image_Pool	Vector_Test
Image_Pool	Vector_Test
Image_Pool	Vector_Test
Image_Pool	Vector_Test
Image_Pool	Vector_Test
Image_Pool	Vector_Test
Image_Pool	Vector_Test
Image_Pool	Vector_Test
Image_Pool	Vector_Test
Image_Pool	Vector_Test
Image_Pool	Vector_Test
Image_Pool	Vector_Test
Image_Pool	Vector_Test
Image_Pool	Vector_Test
Image_Pool	Vector_Test
Image_Pool	Vector_Test
Image_Pool	Vector_Test
Image_Pool	Vector_Test
Image_Pool	Vector_Test
Image_Pool	Vector_Test
Image_Pool	Vector_Test
Image_Pool	Vector_Test
Image_Pool	Vector_Test
Image_Pool	Vector_Test
Image_Pool	Vector_Test
Image_Pool	Vector_Test
Image_Pool	Vector_Test
Image_Pool	Vector_Test
Image_Pool	Vector_Test
Image_Pool	Vector_Test
Image_Pool	Vector_Test
Image_Pool	Vector_Test
Image_Pool	Vector_Test
Image_Pool	Vector_Test
Image_Pool	Vector_Test
Image_Pool	Vector_Test
Image_Pool	Vector_Test
Image_Pool	Vector_Test
Image_Pool	Vector_Test
Image_Pool	Vector_Test
Image_Pool	Vector_Test
Image_Pool	Vector_Test
Image_Pool	Vector_Test
Image_Pool	Vector_Test
Image_Pool	Vector_Test
Image_Pool	Vector_Test
Image_Pool	Vector_Test
Image_Pool	Vector_Test
Image_Pool	Vector_Test
Image_Pool	Vector_Test
Image_Pool	Vector_Test
Image_Pool	Vector_Test
Image_Pool	Vector_Test
Image_Pool	Vector_Test
Image_Pool	Vector_Test
Image_Pool	Vector_Test
Image_Pool	Vector_Test
Image_Pool	Vector_Test
Image_Pool	Vector_Test
Image_Pool	Vector_Test
Image_Pool	Vector_Test
Image_Pool	Vector_Test
Image_Pool	Vector_Test
Image_Pool	Vector_Test
Image_Pool	Vector_Test
Image_Pool	Vector_Test
Image_Pool	Vector_Test
Image_Pool	Vector_Test
